title,description,thumbnail,article_link,topic,concept_title
&quot;التعليم العالي&quot;: برامج الابتعاث تغطي جميع المجالات المعرفية وتتوافق مع الاحتياجات الفعلية,حمد الحارثي التركيز على تخصصات تتواءم وتسارع تقنيات الثورة الصناعية الرابعة طرح برامج مرنة ضمن حزمتين و14 تخصصا طبيا مقرون ا بالتوظيف توفير 15 برنامجا لجميع فئات الإعاقة و 14 ت ,https://www.omandaily.om/omandaily/uploads/images/2024/07/29/2730185.jpg,https://www.omandaily.om/عمان-اليوم/na/التعليم-العالي-برامج-الابتعاث-تغطي-جميع-المجالات-المعرفية-وتتوافق-مع-الاحتياجات-الفعلية,7,جمد الحارثي التركيز على تخصصات تتواءم وتسارع ت
ختام البرنامج الصيفي لتعليم وتحفيظ القرآن الكريم بالسويق,احتفل في ولاية السويق بختام فعالية البرنامج الصيفي لتعليم وتحفيظ القرآن الكريم الذي نظمته وزارة الأوقاف والشؤون الدينية بالتعاون مع لجنة الأنشطة الشبابية بنادي السويق ولجنة الأنشطة ,https://www.omandaily.om/omandaily/uploads/images/2024/07/29/2730182.jpg,https://www.omandaily.om/عمان-اليوم/na/ختام-البرنامج-الصيفي-لتعليم-وتحفيظ-القرآن-الكريم-بالسويق,1,احتفل في ولاية السويق بختام فعالية البرنامج الصيفي
سلطنة عمان تحتفل باليوم العالمي لمكافحة الإتجار بالبشر,المدير العام للتحريات والبحث الجنائي نرتكز على وعي المواطن بضرورة الإبلاغ عن أي أعمال ومخالفات مشبوهة تحتفل سلطنة ع مان في 30 يوليو من كل عام مع دول العالم باليوم العالمي لمكافحة ,https://www.omandaily.om/omandaily/uploads/images/2024/07/29/2730180.jpg,https://www.omandaily.om/عمان-اليوم/na/سلطنة-عمان-تحتفل-باليوم-العالمي-لمكافحة-الإتجار-بالبشر,2,عربي الأصل النفاء والماتلة والتمواطن وأصبر الأنشيف ب
التسامح مفتاح السلام والاستقرار.. ومسؤولية مجتمعية لبناء مجتمع متماسك, bull د أحمد البوسعيدي اتباع المنهجية القرآنية أبرز العوامل المعززة للتسامح في المجتمعات ضرورة الإبلاغ عن الأفكار والاتجاهات الدخيلة ومواجهتها حتى لا تتفاقم تأثيراتها bull د ص ,https://www.omandaily.om/omandaily/uploads/images/2024/07/29/2730174.jpg,https://www.omandaily.om/عمان-اليوم/na/التسامح-مفتاح-السلام-والاستقرار-ومسؤولية-مجتمعية-لبناء-مجتمع-متماسك,7,ارجن عن بالخرات بالحمديان لأحمد البوسعيدي أن إسل
ندوة تعريفية بالخدمات الحكومية الإلكترونية في ولاية دبا,أقيمت بولاية دبا ندوة تعريفية حول الخدمات الحكومية الإلكترونية التي تقدمها الجهات الحكومية ممثلة بالمجلس الأعلى للقضاء والدائرة الثانية بالادعاء العام ودائرة الكاتب بالعدل وإدارة ا ,https://www.omandaily.om/omandaily/uploads/images/2024/07/29/2730166.jpg,https://www.omandaily.om/عمان-اليوم/na/ندوة-تعريفية-بالخدمات-الحكومية-الإلكترونية-في-ولاية-دبا,3,أقيمت بولاية دبا ندوة تعريفية حول الخدمات الحكوم
حلقة عمل تستعرض استراتيجيات بناء الهوية الرقمية,استعرضت حلقة عمل quot بناء الهوية الرقمية للحصول على فرص مهنية quot طرق واستراتيجيات تحسين الوجود الرقمي لرواد الأعمال وزيادة الفرص المهنية في منصة لينكد إن linked in وشملت الح ,https://www.omandaily.om/omandaily/uploads/images/2024/07/29/2730078.JPG,https://www.omandaily.om/الاقتصادية/na/حلقة-عمل-تستعرض-استراتيجيات-بناء-الهوية-الرقمية,1,استعرضت حلقة عمل quot بناء الهوية الرقمية للحصول عل�
%11.9 ارتفاع بأعداد المسافرين عبر مطارات سلطنة عُمان في النصف الأول من عام 2024,ارتفع عدد المسافرين عبر مطارات سلطنة ع مان بالنصف الأول من عام 2024 بنسبة 11 9 بالمائة مسجل ا 7 ملايين و74 ألف ا و854 مسافر ا على متن 53 ألف ا و316 رحلة مقارنة بـ6 ملايين و322 ألف ,https://www.omandaily.om/omandaily/uploads/images/2024/07/29/2730076.jpg,https://www.omandaily.om/الاقتصادية/na/119-ارتفاع-بأعداد-المسافرين-عبر-مطارات-سلطنة-عمان-في-النصف-الأول-من-عام-2024,7,سرقة البني است است است النسطل على عنه مان بالنصف ال�
بورصة مسقط ترتفع 25 نقطة.. والتداولات تصعد إلى 6.5 مليون ريال,كسب اليوم مؤشر بورصة مسقط 25 نقطة وأغلق عند 4652 08 نقطة وارتفعت قيمة التداول بنسبة 115 9 وبلغت 6 523 مليون ريال مقارنة مع آخر جلسة تداول كما ارتفعت القيمة السوقية 0 168 وبلغت ,https://www.omandaily.om/omandaily/uploads/images/2024/07/29/2730071.jpeg,https://www.omandaily.om/الاقتصادية/na/بورصة-مسقط-ترتفع-25-نقطة-والتداولات-تصعد-إلى-65-مليون-ريال,9,عليه بشير العربية أرام من قبلية شرفار قدت بعدث ق�
تراجع الطلب على الذهب في الصين,تراجع الطلب على الذهب في الصين بعد ارتفاع أسعاره إلى مستويات قياسية مع تراجع المبيعات في متاجر المجوهرات بالصين نتيجة امتناع المشترين عن الشراء وذكر مجلس الذهب الصيني في تقرير ربع ,https://www.omandaily.om/omandaily/uploads/images/2024/07/29/2730002.jfif,https://www.omandaily.om/الاقتصادية/na/تراجع-الطلب-على-الذهب-في-الصين,8,يحماك إلا بن العمين للحما أصلى الطلب على الذهب �
تكريم أفضل منافذ تقديم الخدمة بمحافظة مسقط,نظمت محافظة مسقط بالتعاون مع وزارة العمل اليوم حفل تكريم أفضل منافذ تقديم الخدمة بمحافظة مسقط لعام 2023 تحت رعاية سعادة أحمد بن محمد الحميدي رئيس بلدية مسقط وذلك في إطار الجهود ا ,https://www.omandaily.om/omandaily/uploads/images/2024/07/29/2729991.jpg,https://www.omandaily.om/عمان-اليوم/na/تكريم-أفضل-منافذ-تقديم-الخدمة-بمحافظة-مسقط,8,نظمت محافظة مسقط بالتعاون مع وزارة العمل اليوم حفل
